{"initial_reset_timestamp": 1597123283.0731132, "timestamps": [1597123292.125806, 1597123299.912243, 1597123306.6015942, 1597123312.306415, 1597123321.5398989], "episode_lengths": [230, 227, 194, 165, 269], "episode_rewards": [268.3148424025195, 257.6621167655903, 263.37925935708745, 52.50271803299469, 253.51592840036386], "episode_types": ["t", "t", "t", "t", "t"]}