{"initial_reset_timestamp": 1597121909.7553, "timestamps": [1597121929.113037, 1597121939.397303, 1597121962.532635, 1597121973.714019, 1597121986.031211], "episode_lengths": [362, 297, 685, 329, 359], "episode_rewards": [242.42823146623934, -9.279119902556587, 235.21709129615306, 234.24632159325176, 267.0489436860703], "episode_types": ["t", "t", "t", "t", "t"]}