{"initial_reset_timestamp": 1597122709.628054, "timestamps": [1597122716.799038, 1597122750.5013602, 1597122784.1689441, 1597122817.936063, 1597122852.3007941], "episode_lengths": [175, 1000, 1000, 1000, 1000], "episode_rewards": [29.94807020082399, 154.35848855522923, 138.0327526495812, 169.83595661468226, 142.13338613303358], "episode_types": ["t", "t", "t", "t", "t"]}